{
    "index": {
        "min": [
            0.0
        ],
        "max": [
            4065.0
        ],
        "mean": [
            2032.5
        ],
        "std": [
            1173.7530617638447
        ],
        "count": [
            4066
        ]
    },
    "observation.extra_image": {
        "min": [
            [
                [
                    0.0
                ]
            ],
            [
                [
                    0.0
                ]
            ],
            [
                [
                    0.0
                ]
            ]
        ],
        "max": [
            [
                [
                    1.0
                ]
            ],
            [
                [
                    1.0
                ]
            ],
            [
                [
                    1.0
                ]
            ]
        ],
        "mean": [
            [
                [
                    0.30765866536960423
                ]
            ],
            [
                [
                    0.3182914528246297
                ]
            ],
            [
                [
                    0.3306304885654454
                ]
            ]
        ],
        "std": [
            [
                [
                    0.34874609950202085
                ]
            ],
            [
                [
                    0.35834811959561946
                ]
            ],
            [
                [
                    0.35804573523660155
                ]
            ]
        ],
        "count": [
            4066
        ]
    },
    "episode_index": {
        "min": [
            0.0
        ],
        "max": [
            19.0
        ],
        "mean": [
            9.245941957697983
        ],
        "std": [
            5.8194692068993445
        ],
        "count": [
            4066
        ]
    },
    "observation.image": {
        "min": [
            [
                [
                    0.0
                ]
            ],
            [
                [
                    0.003921568859368563
                ]
            ],
            [
                [
                    0.0
                ]
            ]
        ],
        "max": [
            [
                [
                    1.0
                ]
            ],
            [
                [
                    1.0
                ]
            ],
            [
                [
                    1.0
                ]
            ]
        ],
        "mean": [
            [
                [
                    0.4673168226614763
                ]
            ],
            [
                [
                    0.4807432802275842
                ]
            ],
            [
                [
                    0.4623210818762857
                ]
            ]
        ],
        "std": [
            [
                [
                    0.26946477363198496
                ]
            ],
            [
                [
                    0.2709136639202709
                ]
            ],
            [
                [
                    0.2752994793663496
                ]
            ]
        ],
        "count": [
            4066
        ]
    },
    "timestamp": {
        "min": [
            0.0
        ],
        "max": [
            8.833333015441895
        ],
        "mean": [
            3.411247744797136
        ],
        "std": [
            2.0288379100741794
        ],
        "count": [
            4066
        ]
    },
    "observation.state": {
        "min": [
            -0.8391591906547546,
            -0.04125432297587395,
            -1.202264666557312,
            -0.15079142153263092,
            -0.4953969419002533,
            -0.5802320241928101,
            0.0,
            -0.31363552808761597,
            -2.776216745376587,
            -1.8163855075836182,
            -1.389190912246704,
            -0.35549384355545044,
            -0.15529952943325043,
            -2.089050054550171,
            -1.3136770725250244,
            -2.330063819885254,
            -0.9799848198890686,
            -1.6431468725204468,
            -1.3943830728530884,
            -1.332731008529663,
            0.0
        ],
        "max": [
            0.26746729016304016,
            1.88510262966156,
            0.051386553794145584,
            1.326453447341919,
            0.27387428283691406,
            0.42969629168510437,
            0.07900000363588333,
            0.2846972942352295,
            1.0064343214035034,
            -0.01650068536400795,
            0.5343781113624573,
            0.8460838198661804,
            0.1761539727449417,
            0.25251004099845886,
            1.1208443641662598,
            1.397916555404663,
            1.730036735534668,
            1.164496660232544,
            1.2625449895858765,
            1.3820770978927612,
            0.0
        ],
        "mean": [
            -0.2777200823588378,
            1.1897201465962266,
            -0.7640870756928227,
            0.7626555771207317,
            -0.06273435314802753,
            -0.05242236185520228,
            0.03723970877141332,
            -0.020862518658934126,
            -1.3098800259157173,
            -1.3119149978267577,
            -0.6458431805698847,
            0.01927887174700315,
            0.005326357494302844,
            -0.8246033945754427,
            -0.01902590202224979,
            -0.20728216360222806,
            0.14745679098986314,
            -0.08633193861834239,
            0.009136433926499387,
            -0.0038027810051290416,
            0.0
        ],
        "std": [
            0.3520314868605072,
            0.6177688226501945,
            0.3979189290198156,
            0.29662234708656393,
            0.16771369098872052,
            0.2620674932952949,
            0.02744434227309372,
            0.12009592389307133,
            0.7954967336511921,
            0.30478552165510836,
            0.3854736835971618,
            0.14790307283328216,
            0.08560530801612891,
            0.977207208055685,
            0.4004425667787628,
            0.5195647940359864,
            0.37860977800710566,
            0.32376518343078914,
            0.31112644054954547,
            0.3255799680062758,
            0.0
        ],
        "count": [
            4066
        ]
    },
    "task_index": {
        "min": [
            0.0
        ],
        "max": [
            0.0
        ],
        "mean": [
            0.0
        ],
        "std": [
            0.0
        ],
        "count": [
            4066
        ]
    },
    "action": {
        "min": [
            -0.842275857925415,
            -0.0710771456360817,
            -1.2343041896820068,
            -0.22285354137420654,
            -0.5171775221824646,
            -0.5900366902351379,
            -0.0007454849546775222
        ],
        "max": [
            0.26959851384162903,
            1.8542920351028442,
            0.047551874071359634,
            1.3269540071487427,
            0.3014086186885834,
            0.4358927607536316,
            0.08039875328540802
        ],
        "mean": [
            -0.2798502624210793,
            1.1337660263602627,
            -0.7694715468301834,
            0.71537064431456,
            -0.05677694941133781,
            -0.05343204298717704,
            0.026300166744099306
        ],
        "std": [
            0.3527688879744084,
            0.6188636084519699,
            0.4156365830738025,
            0.32464180532327774,
            0.1754542709080922,
            0.26421473662278877,
            0.026206862501745577
        ],
        "count": [
            4066
        ]
    },
    "frame_index": {
        "min": [
            0.0
        ],
        "max": [
            265.0
        ],
        "mean": [
            102.33743236596163
        ],